{
	"partitions" : [
		{
			"name" : "Top",
			"pins" : [
				{
					"name" : "hex_A[0]",
					"strict" : false
				},
				{
					"name" : "hex_A[1]",
					"strict" : false
				},
				{
					"name" : "hex_A[2]",
					"strict" : false
				},
				{
					"name" : "hex_A[3]",
					"strict" : false
				},
				{
					"name" : "hex_B[0]",
					"strict" : false
				},
				{
					"name" : "SW[0]",
					"strict" : false
				},
				{
					"name" : "SW[4]",
					"strict" : false
				},
				{
					"name" : "SW[1]",
					"strict" : false
				},
				{
					"name" : "SW[5]",
					"strict" : false
				},
				{
					"name" : "SW[2]",
					"strict" : false
				},
				{
					"name" : "SW[6]",
					"strict" : false
				},
				{
					"name" : "SW[3]",
					"strict" : false
				},
				{
					"name" : "SW[7]",
					"strict" : false
				}
			]
		}
	]
}